<?xml version="1.0" encoding="utf-8"?>
<assessmentTest xmlns="http://www.imsglobal.org/xsd/imsqti_v2p1" identifier="TEST-15J40R3U" title="CSV’den Aktarılan Havuz">
  <testPart identifier="part1" navigationMode="nonlinear" submissionMode="individual">
    <assessmentSection identifier="section1" title="Bölüm 1" visible="true">
      <assessmentItemRef identifier="REF-Mat_5348_6700" href="Mat_5348_6700.xml"/>
      <assessmentItemRef identifier="REF-Mat_5261_6772" href="Mat_5261_6772.xml"/>
      <assessmentItemRef identifier="REF-Mat_5261_6774" href="Mat_5261_6774.xml"/>
      <assessmentItemRef identifier="REF-Mat_5261_6775" href="Mat_5261_6775.xml"/>
      <assessmentItemRef identifier="REF-Mat_5261_6776" href="Mat_5261_6776.xml"/>
      <assessmentItemRef identifier="REF-Mat_5261_6777" href="Mat_5261_6777.xml"/>
      <assessmentItemRef identifier="REF-Mat_5261_6779" href="Mat_5261_6779.xml"/>
      <assessmentItemRef identifier="REF-Mat_5261_6781" href="Mat_5261_6781.xml"/>
      <assessmentItemRef identifier="REF-Mat_5261_6782" href="Mat_5261_6782.xml"/>
      <assessmentItemRef identifier="REF-Mat_5261_6784" href="Mat_5261_6784.xml"/>
      <assessmentItemRef identifier="REF-Mat_5261_6785" href="Mat_5261_6785.xml"/>
      <assessmentItemRef identifier="REF-Mat_5261_6786" href="Mat_5261_6786.xml"/>
      <assessmentItemRef identifier="REF-Mat_5261_6773" href="Mat_5261_6773.xml"/>
      <assessmentItemRef identifier="REF-Mat_5261_6778" href="Mat_5261_6778.xml"/>
      <assessmentItemRef identifier="REF-Mat_5261_6780" href="Mat_5261_6780.xml"/>
      <assessmentItemRef identifier="REF-Mat_5261_6783" href="Mat_5261_6783.xml"/>
    </assessmentSection>
  </testPart>
</assessmentTest>