<?xml version="1.0" encoding="utf-8"?>
<manifest xmlns="http://www.imsglobal.org/xsd/imscp_v1p1" xmlns:imsqti="http://www.imsglobal.org/xsd/imsqti_v2p1" xmlns:xsi="http://www.w3.org/2001/XMLSchema-instance" identifier="MANIFEST-5hrjbg5z" xsi:schemaLocation="http://www.imsglobal.org/xsd/imscp_v1p1 http://www.imsglobal.org/xsd/imscp_v1p1.xsd http://www.imsglobal.org/xsd/imsqti_v2p1 http://www.imsglobal.org/xsd/imsqti_v2p1.xsd">
  <organizations/>
  <resources>
    <resource identifier="RES-TEST-15J40R3U" type="imsqti_test_xmlv2p1" href="assessmentTest.xml">
      <file href="assessmentTest.xml"/>
    </resource>
    <resource identifier="RES-Mat_5348_6700" type="imsqti_item_xmlv2p1" href="Mat_5348_6700.xml">
      <file href="Mat_5348_6700.xml"/>
    </resource>
    <resource identifier="RES-Mat_5261_6772" type="imsqti_item_xmlv2p1" href="Mat_5261_6772.xml">
      <file href="Mat_5261_6772.xml"/>
    </resource>
    <resource identifier="RES-Mat_5261_6774" type="imsqti_item_xmlv2p1" href="Mat_5261_6774.xml">
      <file href="Mat_5261_6774.xml"/>
    </resource>
    <resource identifier="RES-Mat_5261_6775" type="imsqti_item_xmlv2p1" href="Mat_5261_6775.xml">
      <file href="Mat_5261_6775.xml"/>
    </resource>
    <resource identifier="RES-Mat_5261_6776" type="imsqti_item_xmlv2p1" href="Mat_5261_6776.xml">
      <file href="Mat_5261_6776.xml"/>
    </resource>
    <resource identifier="RES-Mat_5261_6777" type="imsqti_item_xmlv2p1" href="Mat_5261_6777.xml">
      <file href="Mat_5261_6777.xml"/>
    </resource>
    <resource identifier="RES-Mat_5261_6779" type="imsqti_item_xmlv2p1" href="Mat_5261_6779.xml">
      <file href="Mat_5261_6779.xml"/>
    </resource>
    <resource identifier="RES-Mat_5261_6781" type="imsqti_item_xmlv2p1" href="Mat_5261_6781.xml">
      <file href="Mat_5261_6781.xml"/>
    </resource>
    <resource identifier="RES-Mat_5261_6782" type="imsqti_item_xmlv2p1" href="Mat_5261_6782.xml">
      <file href="Mat_5261_6782.xml"/>
    </resource>
    <resource identifier="RES-Mat_5261_6784" type="imsqti_item_xmlv2p1" href="Mat_5261_6784.xml">
      <file href="Mat_5261_6784.xml"/>
    </resource>
    <resource identifier="RES-Mat_5261_6785" type="imsqti_item_xmlv2p1" href="Mat_5261_6785.xml">
      <file href="Mat_5261_6785.xml"/>
    </resource>
    <resource identifier="RES-Mat_5261_6786" type="imsqti_item_xmlv2p1" href="Mat_5261_6786.xml">
      <file href="Mat_5261_6786.xml"/>
    </resource>
    <resource identifier="RES-Mat_5261_6773" type="imsqti_item_xmlv2p1" href="Mat_5261_6773.xml">
      <file href="Mat_5261_6773.xml"/>
    </resource>
    <resource identifier="RES-Mat_5261_6778" type="imsqti_item_xmlv2p1" href="Mat_5261_6778.xml">
      <file href="Mat_5261_6778.xml"/>
    </resource>
    <resource identifier="RES-Mat_5261_6780" type="imsqti_item_xmlv2p1" href="Mat_5261_6780.xml">
      <file href="Mat_5261_6780.xml"/>
    </resource>
    <resource identifier="RES-Mat_5261_6783" type="imsqti_item_xmlv2p1" href="Mat_5261_6783.xml">
      <file href="Mat_5261_6783.xml"/>
    </resource>
  </resources>
</manifest>