<?xml version="1.0" encoding="utf-8"?>
<assessmentItem xmlns="http://www.imsglobal.org/xsd/imsqti_v2p1" identifier="Mat_5261_6780" title="Mat_5261_6780" adaptive="false" timeDependent="false">
  <responseDeclaration identifier="RESPONSE" cardinality="single" baseType="identifier">
    <correctResponse>
      <value>D</value>
    </correctResponse>
  </responseDeclaration>
  <outcomeDeclaration identifier="SCORE" cardinality="single" baseType="float">
    <defaultValue>
      <value>10</value>
    </defaultValue>
  </outcomeDeclaration>
  <itemBody>
    <choiceInteraction responseIdentifier="RESPONSE" shuffle="false" maxChoices="1">
      <prompt><![CDATA[<img src="https://cdn.tongucmagaza.com/SoruSonHal/1db7aa41-bcbe-4f9d-a024-4d9744b129dd.png">]]></prompt>
      <simpleChoice identifier="A">A</simpleChoice>
      <simpleChoice identifier="B">B</simpleChoice>
      <simpleChoice identifier="C">C</simpleChoice>
      <simpleChoice identifier="D">D</simpleChoice>
    </choiceInteraction>
  </itemBody>
  <responseProcessing template="http://www.imsglobal.org/question/qti_v2p1/rptemplates/match_correct"/>
</assessmentItem>